﻿"Censo Nacional de Procuración de Justicia Estatal 2018
Módulo 4: Mecanismos Alternativos de Solución de Controversias en materia penal
Tema: Exploración específica y características de los delitos atendidos bajo la aplicación de los Mecanismos Alternativos de Solución de Controversias en materia penal para adolescentes",,,,,,,,
"Archivo: DELIATRI.dbf (Contiene variables que caracterizan a las entidades federativas de acuerdo con la atención de delitos bajo los Mecanismos Alternativos de Solución de Controversias en materia de justicia para adolescentes, según su tipo y características, al momento de la aplicación del censo (mayo - julio 2018).)",,,,,,,,
Núm.de campo,Nombre de la columna,Origen,Descripcion,Tipo de dato,Longitud,Códigos válidos en la columna,,"Rango
(Los valores NA, NSS y ND equivalen a No aplica, No se sabe y No disponible, respectivamente)"
1,ENTIDAD,SECC IV. 73,Clasificación de las entidades federativas.,Carácter,2,01,Aguascalientes,
,,,,,,02,Baja California,
,,,,,,03,Baja California Sur,
,,,,,,04,Campeche,
,,,,,,05,Coahuila de Zaragoza,
,,,,,,06,Colima,
,,,,,,07,Chiapas,
,,,,,,08,Chihuahua,
,,,,,,09,Ciudad de México,
,,,,,,10,Durango,
,,,,,,11,Guanajuato,
,,,,,,12,Guerrero,
,,,,,,13,Hidalgo,
,,,,,,14,Jalisco,
,,,,,,15,México,
,,,,,,16,Michoacán de Ocampo,
,,,,,,17,Morelos,
,,,,,,18,Nayarit,
,,,,,,19,Nuevo León,
,,,,,,20,Oaxaca,
,,,,,,21,Puebla,
,,,,,,22,Querétaro,
,,,,,,23,Quintana Roo,
,,,,,,24,San Luis Potosí,
,,,,,,25,Sinaloa,
,,,,,,26,Sonora,
,,,,,,27,Tabasco,
,,,,,,28,Tamaulipas,
,,,,,,29,Tlaxcala,
,,,,,,30,Veracruz de Ignacio de la Llave,
,,,,,,31,Yucatán,
,,,,,,32,Zacatecas,
,,,,,,99,No especificado,
2,TIPDELIT,SECC IV. 73,"Clasificación de las entidades federativas de acuerdo con la atención de delitos bajo los Mecanismos Alternativos de Solución de Controversias en materia de justicia para adolescentes, según su tipo, al momento de la aplicación del censo (mayo - julio 2018).",Numérico,6,10100,La vida y la integridad corporal - Homicidio,
,,,,,,10200,La vida y la integridad corporal - Feminicidio,
,,,,,,10300,La vida y la integridad corporal - Aborto,
,,,,,,10400,La vida y la integridad corporal - Lesiones,
,,,,,,10500,La vida y la integridad corporal - Otros delitos que atentan contra la vida y la integridad corporal,
,,,,,,19999,La vida y la integridad corporal - No especificado,
,,,,,,20100,La libertad personal - Privación de la libertad,
,,,,,,20200,La libertad personal - Tráfico de menores,
,,,,,,20300,La libertad personal - Retención o sustracción de menores e incapaces,
,,,,,,20400,La libertad personal - Rapto,
,,,,,,20500,La libertad personal - Desaparición forzada de personas,
,,,,,,20600,La libertad personal - Secuestro,
,,,,,,20601,La libertad personal - Secuestro - Secuestro extorsivo,
,,,,,,20602,La libertad personal - Secuestro - Secuestro en calidad de rehén,
,,,,,,20603,La libertad personal - Secuestro - Secuestro para causar daño,
,,,,,,20604,La libertad personal - Secuestro - Secuestro exprés,
,,,,,,20605,La libertad personal - Secuestro - Otro tipo de secuestro,
,,,,,,20699,La libertad personal - No especificado,
,,,,,,20700,La libertad personal - Otros delitos que atentan contra la libertad personal,
,,,,,,29999,La libertad personal - No especificado,
,,,,,,30100,La libertad y la seguridad sexual - Abuso sexual,
,,,,,,30200,La libertad y la seguridad sexual - Acoso sexual,
,,,,,,30300,La libertad y la seguridad sexual - Hostigamiento sexual,
,,,,,,30400,La libertad y la seguridad sexual - Violación,
,,,,,,30401,La libertad y la seguridad sexual - Violación - Violación simple,
,,,,,,30402,"La libertad y la seguridad sexual - Violación - Violación equiparada por introducir cualquier elemento, instrumento o cualquier parte del cuerpo humano, distinto al pene",
,,,,,,30403,La libertad y la seguridad sexual - Violación - Violación equiparada en contra de menores e incapaces,
,,,,,,30404,La libertad y la seguridad sexual - Violación - Otro tipo de violación,
,,,,,,30499,La libertad y la seguridad sexual - Violación - No especificado,
,,,,,,30500,La libertad y la seguridad sexual - Estupro,
,,,,,,30600,La libertad y la seguridad sexual - Incesto,
,,,,,,30700,La libertad y la seguridad sexual - Otros delitos que atentan contra la libertad y la seguridad sexual,
,,,,,,39999,La libertad y la seguridad sexual - No especificado,
,,,,,,40100,El patrimonio - Robo,
,,,,,,40101,El patrimonio - Robo - Robo simple,
,,,,,,40102,El patrimonio - Robo - Robo a casa habitación,
,,,,,,40103,El patrimonio - Robo - Robo de vehículo,
,,,,,,40104,El patrimonio - Robo - Robo de autopartes,
,,,,,,40105,El patrimonio - Robo - Robo a transeúnte en vía pública,
,,,,,,40106,El patrimonio - Robo - Robo a transeúnte en espacio abierto al público,
,,,,,,40107,El patrimonio - Robo - Robo a persona en un lugar privado,
,,,,,,40108,El patrimonio - Robo - Robo a transportista,
,,,,,,40109,El patrimonio - Robo - Robo en transporte público individual,
,,,,,,40110,El patrimonio - Robo - Robo en transporte público colectivo,
,,,,,,40111,El patrimonio - Robo - Robo en transporte individual,
,,,,,,40112,El patrimonio - Robo - Robo a institución bancaria,
,,,,,,40113,El patrimonio - Robo - Robo a negocio,
,,,,,,40114,El patrimonio - Robo - Robo de ganado,
,,,,,,40115,El patrimonio - Robo - Robo de maquinaria,
,,,,,,40116,El patrimonio - Robo - Robo de energía eléctrica,
,,,,,,40117,El patrimonio - Robo - Otros robos,
,,,,,,40199,El patrimonio - Robo - No especificado,
,,,,,,40200,El patrimonio - Delitos en materia de hidrocarburos y sus derivados,
,,,,,,40201,El patrimonio - Delitos en materia de hidrocarburos y sus derivados - Sustracción de hidrocarburos y sus derivados,
,,,,,,40202,El patrimonio - Delitos en materia de hidrocarburos y sus derivados - Aprovechamiento de hidrocarburos y sus derivados,
,,,,,,40203,El patrimonio - Delitos en materia de hidrocarburos y sus derivados - Posesión ilícita de hidrocarburos y sus derivados,
,,,,,,40204,El patrimonio - Delitos en materia de hidrocarburos y sus derivados - Otros delitos en materia de hidrocarburos y sus derivados,
,,,,,,40299,El patrimonio - Delitos en materia de hidrocarburos y sus derivados - No especificado,
,,,,,,40300,El patrimonio - Fraude,
,,,,,,40400,El patrimonio - Abuso de confianza,
,,,,,,40500,El patrimonio - Extorsión,
,,,,,,40501,El patrimonio - Extorsión - Extorsión cometida por vía telefónica o cualquier otro medio electrónico o de comunicación,
,,,,,,40502,El patrimonio - Extorsión - Otro tipo de extorsión,
,,,,,,40599,El patrimonio - Extorsión - No especificado,
,,,,,,40600,El patrimonio - Daño a la propiedad,
,,,,,,40700,El patrimonio - Despojo,
,,,,,,40800,El patrimonio - Otros delitos que atentan contra el patrimonio,
,,,,,,49999,El patrimonio - No especificado,
,,,,,,50100,La familia - Violencia familiar,
,,,,,,50200,La familia - Incumplimiento de obligaciones familiares,
,,,,,,50300,La familia - Otros delitos contra la familia,
,,,,,,59999,La familia - No especificado,
,,,,,,60100,La sociedad - Delitos contra el libre desarrollo de la personalidad,
,,,,,,60101,La sociedad - Delitos contra el libre desarrollo de la personalidad - Corrupción de menores e incapaces,
,,,,,,60102,La sociedad - Delitos contra el libre desarrollo de la personalidad - Prostitución de menores e incapaces,
,,,,,,60103,La sociedad - Delitos contra el libre desarrollo de la personalidad - Pornografía infantil,
,,,,,,60104,La sociedad - Delitos contra el libre desarrollo de la personalidad - Turismo sexual,
,,,,,,60105,La sociedad - Delitos contra el libre desarrollo de la personalidad - Pederastia,
,,,,,,60106,La sociedad - Delitos contra el libre desarrollo de la personalidad - Otros delitos contra el libre desarrollo de la personalidad,
,,,,,,60199,La sociedad - Delitos contra el libre desarrollo de la personalidad - No especificado,
,,,,,,60200,La sociedad - Trata de personas,
,,,,,,60201,La sociedad - Trata de personas - Trata de personas con fines de explotación sexual,
,,,,,,60202,La sociedad - Trata de personas - Trata de personas con fines de trabajo o servicios forzados,
,,,,,,60203,La sociedad - Trata de personas - Trata de personas con fines de tráfico de órganos,
,,,,,,60204,La sociedad - Trata de personas - Trata de personas con otros fines,
,,,,,,60299,La sociedad - Trata de personas - No especificado,
,,,,,,60300,La sociedad - Violencia de género en todas sus modalidades distinta a la violencia familiar,
,,,,,,60400,La sociedad - Discriminación,
,,,,,,60500,La sociedad - Lenocinio,
,,,,,,60600,La sociedad - Otros delitos contra la sociedad,
,,,,,,69999,La sociedad - No especificado,
,,,,,,70100,La seguridad pública y la seguridad del Estado - Delitos contra la salud relacionados con narcóticos en su modalidad de narcomenudeo,
,,,,,,70101,La seguridad pública y la seguridad del Estado - Delitos contra la salud relacionados con narcóticos en su modalidad de narcomenudeo - Posesión simple de narcóticos,
,,,,,,70102,La seguridad pública y la seguridad del Estado - Delitos contra la salud relacionados con narcóticos en su modalidad de narcomenudeo - Posesión con fines de comercio o suministro de narcóticos,
,,,,,,70103,La seguridad pública y la seguridad del Estado - Delitos contra la salud relacionados con narcóticos en su modalidad de narcomenudeo - Comercio de narcóticos,
,,,,,,70104,La seguridad pública y la seguridad del Estado - Delitos contra la salud relacionados con narcóticos en su modalidad de narcomenudeo - Suministro de narcóticos,
,,,,,,70105,La seguridad pública y la seguridad del Estado - Delitos contra la salud relacionados con narcóticos en su modalidad de narcomenudeo - Otros delitos contra la salud relacionados con narcóticos en su modalidad de narcomenudeo,
,,,,,,70199,La seguridad pública y la seguridad del Estado - Delitos contra la salud relacionados con narcóticos en su modalidad de narcomenudeo - No especificado,
,,,,,,70200,La seguridad pública y la seguridad del Estado - Delitos federales contra la salud relacionados con narcóticos,
,,,,,,70201,La seguridad pública y la seguridad del Estado - Delitos federales contra la salud relacionados con narcóticos - Producción de narcóticos,
,,,,,,70202,La seguridad pública y la seguridad del Estado - Delitos federales contra la salud relacionados con narcóticos - Transporte de narcóticos,
,,,,,,70203,La seguridad pública y la seguridad del Estado - Delitos federales contra la salud relacionados con narcóticos - Tráfico de narcóticos,
,,,,,,70204,La seguridad pública y la seguridad del Estado - Delitos federales contra la salud relacionados con narcóticos - Comercio de narcóticos,
,,,,,,70205,La seguridad pública y la seguridad del Estado - Delitos federales contra la salud relacionados con narcóticos - Suministro de narcóticos,
,,,,,,70206,La seguridad pública y la seguridad del Estado - Delitos federales contra la salud relacionados con narcóticos - Posesión de narcóticos,
,,,,,,70207,La seguridad pública y la seguridad del Estado - Delitos federales contra la salud relacionados con narcóticos - Otros delitos federales contra la salud relacionados con narcóticos,
,,,,,,70299,La seguridad pública y la seguridad del Estado - Delitos federales contra la salud relacionados con narcóticos - No especificado,
,,,,,,70300,La seguridad pública y la seguridad del Estado - Evasión de presos,
,,,,,,70400,La seguridad pública y la seguridad del Estado - Delitos en materia de armas y objetos prohibidos,
,,,,,,70500,La seguridad pública y la seguridad del Estado - Delitos de delincuencia organizada,
,,,,,,70600,"La seguridad pública y la seguridad del Estado - Delitos en materia de armas, explosivos y otros materiales destructivos",
,,,,,,70601,"La seguridad pública y la seguridad del Estado - Delitos en materia de armas, explosivos y otros materiales destructivos - Portación ilícita de armas",
,,,,,,70602,"La seguridad pública y la seguridad del Estado - Delitos en materia de armas, explosivos y otros materiales destructivos - Posesión ilícita de armas, cartuchos y cargadores",
,,,,,,70603,"La seguridad pública y la seguridad del Estado - Delitos en materia de armas, explosivos y otros materiales destructivos - Acopio ilícito de armas",
,,,,,,70604,"La seguridad pública y la seguridad del Estado - Delitos en materia de armas, explosivos y otros materiales destructivos - Tráfico ilícito de armas, explosivos y otros materiales destructivos",
,,,,,,70605,"La seguridad pública y la seguridad del Estado - Delitos en materia de armas, explosivos y otros materiales destructivos - Otros delitos en materia de armas, explosivos y otros materiales destructivos",
,,,,,,70699,"La seguridad pública y la seguridad del Estado - Delitos en materia de armas, explosivos y otros materiales destructivos - No especificado",
,,,,,,70700,La seguridad pública y la seguridad del Estado - Asociación delictuosa,
,,,,,,70800,La seguridad pública y la seguridad del Estado - Terrorismo,
,,,,,,70900,La seguridad pública y la seguridad del Estado - Otros delitos contra la seguridad pública y la seguridad del Estado,
,,,,,,79999,La seguridad pública y la seguridad del Estado - No especificado,
,,,,,,80100,La administración del Estado - Delitos por hechos de corrupción,
,,,,,,80101,La administración del Estado - Delitos por hechos de corrupción - Ejercicio indebido del servicio público,
,,,,,,80102,La administración del Estado - Delitos por hechos de corrupción - Abuso de autoridad,
,,,,,,80103,La administración del Estado - Delitos por hechos de corrupción - Cohecho,
,,,,,,80104,La administración del Estado - Delitos por hechos de corrupción - Peculado,
,,,,,,80105,La administración del Estado - Delitos por hechos de corrupción - Enriquecimiento ilícito,
,,,,,,80106,La administración del Estado - Delitos por hechos de corrupción - Ejercicio abusivo de funciones,
,,,,,,80107,La administración del Estado - Delitos por hechos de corrupción - Tráfico de influencias,
,,,,,,80108,La administración del Estado - Delitos por hechos de corrupción - Otros delitos por hechos de corrupción,
,,,,,,80199,La administración del Estado - Delitos por hechos de corrupción - No especificado,
,,,,,,80200,La administración del Estado - Delitos contra la administración de justicia,
,,,,,,80201,La administración del Estado - Delitos contra la administración de justicia - En materia de amparo,
,,,,,,80202,La administración del Estado - Delitos contra la administración de justicia - Otros delitos contra la administración de justicia,
,,,,,,80299,La administración del Estado - Delitos contra la administración de justicia - No especificado,
,,,,,,80300,La administración del Estado - Delitos en materia fiscal,
,,,,,,80400,La administración del Estado - Delitos electorales,
,,,,,,80500,La administración del Estado - Otros delitos contra la administración del Estado,
,,,,,,89999,La administración del Estado - No especificado,
,,,,,,90100,Otros (bienes jurídicos) - Amenazas,
,,,,,,90200,Otros (bienes jurídicos) - Allanamiento de morada,
,,,,,,90300,Otros (bienes jurídicos) - Falsedad,
,,,,,,90400,Otros (bienes jurídicos) - Falsificación,
,,,,,,90500,"Otros (bienes jurídicos) - Delitos contra el medio ambiente, el equilibrio ecológico y la gestión ambiental",
,,,,,,90501,"Otros (bienes jurídicos) - Delitos contra el medio ambiente, el equilibrio ecológico y la gestión ambiental - Tráfico de flora o fauna silvestres en peligro de extinción, amenazadas o sujetas a protección",
,,,,,,90502,"Otros (bienes jurídicos) - Delitos contra el medio ambiente, el equilibrio ecológico y la gestión ambiental - Comercialización de flora o fauna silvestres en peligro de extinción, amenazadas o sujetas a protección",
,,,,,,90503,"Otros (bienes jurídicos) - Delitos contra el medio ambiente, el equilibrio ecológico y la gestión ambiental - Caza, pesca o tala ilegal de flora o fauna silvestres en peligro de extinción, amenazadas o sujetas a protección",
,,,,,,90504,"Otros (bienes jurídicos) - Delitos contra el medio ambiente, el equilibrio ecológico y la gestión ambiental - Transporte o manejo de residuos peligrosos",
,,,,,,90505,"Otros (bienes jurídicos) - Delitos contra el medio ambiente, el equilibrio ecológico y la gestión ambiental - Daños a los ecosistemas o sus elementos",
,,,,,,90506,"Otros (bienes jurídicos) - Delitos contra el medio ambiente, el equilibrio ecológico y la gestión ambiental - Otros delitos contra el medio ambiente, el equilibrio ecológico y la gestión ambiental",
,,,,,,90599,"Otros (bienes jurídicos) - Delitos contra el medio ambiente, el equilibrio ecológico y la gestión ambiental - No especificado",
,,,,,,90600,Otros (bienes jurídicos) - Delitos en materia de vías de comunicación y correspondencia,
,,,,,,90700,Otros (bienes jurídicos) - Delitos en materia de migración,
,,,,,,90701,Otros (bienes jurídicos) - Delitos en materia de migración - Tráfico de indocumentados,
,,,,,,90702,Otros (bienes jurídicos) - Delitos en materia de migración - Otros delitos en materia de migración,
,,,,,,90799,Otros (bienes jurídicos) - Delitos en materia de migración - No especificado,
,,,,,,90800,Otros (bienes jurídicos) - Delitos en materia de derechos de autor,
,,,,,,90900,"Otros (bienes jurídicos) - Delitos en materia de instituciones de crédito, inversión, fianzas y seguros",
,,,,,,91000,Otros (bienes jurídicos) - Delitos en materia de propiedad industrial,
,,,,,,91100,Otros (bienes jurídicos) - Delitos contra la salud no relacionados con narcóticos,
,,,,,,91200,Otros (bienes jurídicos) - Encubrimiento,
,,,,,,91300,Otros (bienes jurídicos) - Operaciones con recursos de procedencia ilícita,
,,,,,,91400,Otros (bienes jurídicos) - Tortura,
,,,,,,91500,Otros (bienes jurídicos) - Suplantación y usurpación de identidad,
,,,,,,91600,Otros (bienes jurídicos) - Delitos contra la seguridad de los datos y/o sistemas o equipos informáticos,
,,,,,,91601,Otros (bienes jurídicos) - Delitos contra la seguridad de los datos y/o sistemas o equipos informáticos - Acceso ilícito a sistemas o equipos informáticos,
,,,,,,91602,Otros (bienes jurídicos) - Delitos contra la seguridad de los datos y/o sistemas o equipos informáticos - Daños a datos informáticos,
,,,,,,91603,Otros (bienes jurídicos) - Delitos contra la seguridad de los datos y/o sistemas o equipos informáticos - Interferir en el buen funcionamiento de sistemas o equipos informáticos,
,,,,,,91604,Otros (bienes jurídicos) - Delitos contra la seguridad de los datos y/o sistemas o equipos informáticos - Otros delitos contra la seguridad de los datos y/o sistemas o equipos informáticos,
,,,,,,91699,Otros (bienes jurídicos) - Delitos contra la seguridad de los datos y/o sistemas o equipos informáticos - No especificado,
,,,,,,91700,"Otros (bienes jurídicos) - Tratos o penas crueles, inhumanos o degradantes",
,,,,,,91800,Otros (bienes jurídicos) - Otros delitos,
,,,,,,99999,Otros (bienes jurídicos) - No especificado,
,,,,,,999999,No especificado - No especificado,
3,RE_NSNN1,SECC IV. 73,"Clasificación de las entidades federativas de acuerdo con la atención de delitos bajo el sistema de Justicia Alternativa y/o Mecanismos Alternativos de Solución de Controversias, al momento de la aplicación del censo (mayo - julio 2018).",Numérico,2,0,No aplica,
,,,,,,1,Sí,
,,,,,,2,No,
,,,,,,9,No se sabe,
,,,,,,97,No cuenta con elementos para responder,
,,,,,,98,Información no disponible,
4,CAL_GRAV,SECC IV. 73,"Clasificación de las entidades federativas de acuerdo con la atención de delitos bajo los Mecanismos Alternativos de Solución de Controversias en materia de justicia para adolescentes, según la característica de Calificación del delito - Grave, al momento de la aplicación del censo (mayo - julio 2018).",Numérico,2,0,No aplica,
,,,,,,1,Sí,
,,,,,,2,No,
,,,,,,9,No se sabe,
,,,,,,97,No cuenta con elementos para responder,
,,,,,,98,Información no disponible,
5,CAL_NGRA,SECC IV. 73,"Clasificación de las entidades federativas de acuerdo con la atención de delitos bajo los Mecanismos Alternativos de Solución de Controversias en materia de justicia para adolescentes, según la característica de Calificación del delito - No grave, al momento de la aplicación del censo (mayo - julio 2018).",Numérico,2,0,No aplica,
,,,,,,1,Sí,
,,,,,,2,No,
,,,,,,9,No se sabe,
,,,,,,97,No cuenta con elementos para responder,
,,,,,,98,Información no disponible,
6,CON_IDEA,SECC IV. 73,"Clasificación de las entidades federativas de acuerdo con la atención de delitos bajo los Mecanismos Alternativos de Solución de Controversias en materia de justicia para adolescentes, según la característica de Concurso - Ideal, al momento de la aplicación del censo (mayo - julio 2018).",Numérico,2,0,No aplica,
,,,,,,1,Sí,
,,,,,,2,No,
,,,,,,9,No se sabe,
,,,,,,97,No cuenta con elementos para responder,
,,,,,,98,Información no disponible,
7,CON_REAL,SECC IV. 73,"Clasificación de las entidades federativas de acuerdo con la atención de delitos bajo los Mecanismos Alternativos de Solución de Controversias en materia de justicia para adolescentes, según la característica de Concurso - Real, al momento de la aplicación del censo (mayo - julio 2018).",Numérico,2,0,No aplica,
,,,,,,1,Sí,
,,,,,,2,No,
,,,,,,9,No se sabe,
,,,,,,97,No cuenta con elementos para responder,
,,,,,,98,Información no disponible,
8,CLA_INST,SECC IV. 73,"Clasificación de las entidades federativas de acuerdo con la atención de delitos bajo los Mecanismos Alternativos de Solución de Controversias en materia de justicia para adolescentes, según la característica de Calificación en orden al resultado - Instantáneo, al momento de la aplicación del censo (mayo - julio 2018).",Numérico,2,0,No aplica,
,,,,,,1,Sí,
,,,,,,2,No,
,,,,,,9,No se sabe,
,,,,,,97,No cuenta con elementos para responder,
,,,,,,98,Información no disponible,
9,CLA_PERM,SECC IV. 73,"Clasificación de las entidades federativas de acuerdo con la atención de delitos bajo los Mecanismos Alternativos de Solución de Controversias en materia de justicia para adolescentes, según la característica de Calificación en orden al resultado - Permanente, al momento de la aplicación del censo (mayo - julio 2018).",Numérico,2,0,No aplica,
,,,,,,1,Sí,
,,,,,,2,No,
,,,,,,9,No se sabe,
,,,,,,97,No cuenta con elementos para responder,
,,,,,,98,Información no disponible,
10,CLA_CONT,SECC IV. 73,"Clasificación de las entidades federativas de acuerdo con la atención de delitos bajo los Mecanismos Alternativos de Solución de Controversias en materia de justicia para adolescentes, según la característica de Calificación en orden al resultado - Continuado, al momento de la aplicación del censo (mayo - julio 2018).",Numérico,2,0,No aplica,
,,,,,,1,Sí,
,,,,,,2,No,
,,,,,,9,No se sabe,
,,,,,,97,No cuenta con elementos para responder,
,,,,,,98,Información no disponible,
11,COM_DOLO,SECC IV. 73,"Clasificación de las entidades federativas de acuerdo con la atención de delitos bajo los Mecanismos Alternativos de Solución de Controversias en materia de justicia para adolescentes, según la característica de Forma de comisión - Doloso, al momento de la aplicación del censo (mayo - julio 2018).",Numérico,2,0,No aplica,
,,,,,,1,Sí,
,,,,,,2,No,
,,,,,,9,No se sabe,
,,,,,,97,No cuenta con elementos para responder,
,,,,,,98,Información no disponible,
12,COM_CULP,SECC IV. 73,"Clasificación de las entidades federativas de acuerdo con la atención de delitos bajo los Mecanismos Alternativos de Solución de Controversias en materia de justicia para adolescentes, según la característica de Forma de comisión - Culposo, al momento de la aplicación del censo (mayo - julio 2018).",Numérico,2,0,No aplica,
,,,,,,1,Sí,
,,,,,,2,No,
,,,,,,9,No se sabe,
,,,,,,97,No cuenta con elementos para responder,
,,,,,,98,Información no disponible,
13,ACC_CVIO,SECC IV. 73,"Clasificación de las entidades federativas de acuerdo con la atención de delitos bajo los Mecanismos Alternativos de Solución de Controversias en materia de justicia para adolescentes, según la característica de Forma de acción - Con violencia, al momento de la aplicación del censo (mayo - julio 2018).",Numérico,2,0,No aplica,
,,,,,,1,Sí,
,,,,,,2,No,
,,,,,,9,No se sabe,
,,,,,,97,No cuenta con elementos para responder,
,,,,,,98,Información no disponible,
14,ACC_SVIO,SECC IV. 73,"Clasificación de las entidades federativas de acuerdo con la atención de delitos bajo los Mecanismos Alternativos de Solución de Controversias en materia de justicia para adolescentes, según la característica de Forma de acción - Sin violencia, al momento de la aplicación del censo (mayo - julio 2018).",Numérico,2,0,No aplica,
,,,,,,1,Sí,
,,,,,,2,No,
,,,,,,9,No se sabe,
,,,,,,97,No cuenta con elementos para responder,
,,,,,,98,Información no disponible,
15,MOD_SIMP,SECC IV. 73,"Clasificación de las entidades federativas de acuerdo con la atención de delitos bajo los Mecanismos Alternativos de Solución de Controversias en materia de justicia para adolescentes, según la característica de Modalidad - Simple, al momento de la aplicación del censo (mayo - julio 2018).",Numérico,2,0,No aplica,
,,,,,,1,Sí,
,,,,,,2,No,
,,,,,,9,No se sabe,
,,,,,,97,No cuenta con elementos para responder,
,,,,,,98,Información no disponible,
16,MOD_ATEN,SECC IV. 73,"Clasificación de las entidades federativas de acuerdo con la atención de delitos bajo los Mecanismos Alternativos de Solución de Controversias en materia de justicia para adolescentes, según la característica de Modalidad - Atenuado, al momento de la aplicación del censo (mayo - julio 2018).",Numérico,2,0,No aplica,
,,,,,,1,Sí,
,,,,,,2,No,
,,,,,,9,No se sabe,
,,,,,,97,No cuenta con elementos para responder,
,,,,,,98,Información no disponible,
17,MOD_AGRA,SECC IV. 73,"Clasificación de las entidades federativas de acuerdo con la atención de delitos bajo los Mecanismos Alternativos de Solución de Controversias en materia de justicia para adolescentes, según la característica de Modalidad - Agravado, al momento de la aplicación del censo (mayo - julio 2018).",Numérico,2,0,No aplica,
,,,,,,1,Sí,
,,,,,,2,No,
,,,,,,9,No se sabe,
,,,,,,97,No cuenta con elementos para responder,
,,,,,,98,Información no disponible,
18,MOD_CALI,SECC IV. 73,"Clasificación de las entidades federativas de acuerdo con la atención de delitos bajo los Mecanismos Alternativos de Solución de Controversias en materia de justicia para adolescentes, según la característica de Modalidad - Calificado, al momento de la aplicación del censo (mayo - julio 2018).",Numérico,2,0,No aplica,
,,,,,,1,Sí,
,,,,,,2,No,
,,,,,,9,No se sabe,
,,,,,,97,No cuenta con elementos para responder,
,,,,,,98,Información no disponible,
19,MOD_AGCA,SECC IV. 73,"Clasificación de las entidades federativas de acuerdo con la atención de delitos bajo los Mecanismos Alternativos de Solución de Controversias en materia de justicia para adolescentes, según la característica de Modalidad - Agravado-Calificado, al momento de la aplicación del censo (mayo - julio 2018).",Numérico,2,0,No aplica,
,,,,,,1,Sí,
,,,,,,2,No,
,,,,,,9,No se sabe,
,,,,,,97,No cuenta con elementos para responder,
,,,,,,98,Información no disponible,
20,INS_ARMF,SECC IV. 73,"Clasificación de las entidades federativas de acuerdo con la atención de delitos bajo los Mecanismos Alternativos de Solución de Controversias en materia de justicia para adolescentes, según la característica de Instrumentos para la comisión - Con arma de fuego, al momento de la aplicación del censo (mayo - julio 2018).",Numérico,2,0,No aplica,
,,,,,,1,Sí,
,,,,,,2,No,
,,,,,,9,No se sabe,
,,,,,,97,No cuenta con elementos para responder,
,,,,,,98,Información no disponible,
21,INS_ARMB,SECC IV. 73,"Clasificación de las entidades federativas de acuerdo con la atención de delitos bajo los Mecanismos Alternativos de Solución de Controversias en materia de justicia para adolescentes, según la característica de Instrumentos para la comisión - Con arma blanca, al momento de la aplicación del censo (mayo - julio 2018).",Numérico,2,0,No aplica,
,,,,,,1,Sí,
,,,,,,2,No,
,,,,,,9,No se sabe,
,,,,,,97,No cuenta con elementos para responder,
,,,,,,98,Información no disponible,
22,INS_CUER,SECC IV. 73,"Clasificación de las entidades federativas de acuerdo con la atención de delitos bajo los Mecanismos Alternativos de Solución de Controversias en materia de justicia para adolescentes, según la característica de Instrumentos para la comisión - Con alguna parte del cuerpo, al momento de la aplicación del censo (mayo - julio 2018).",Numérico,2,0,No aplica,
,,,,,,1,Sí,
,,,,,,2,No,
,,,,,,9,No se sabe,
,,,,,,97,No cuenta con elementos para responder,
,,,,,,98,Información no disponible,
23,INS_CVEH,SECC IV. 73,"Clasificación de las entidades federativas de acuerdo con la atención de delitos bajo los Mecanismos Alternativos de Solución de Controversias en materia de justicia para adolescentes, según la característica de Instrumento para la comisión - Con algún vehículo, al momento de la aplicación del censo (mayo - julio 2018).",Numérico,2,0,No aplica,
,,,,,,1,Sí,
,,,,,,2,No,
,,,,,,9,No se sabe,
,,,,,,97,No cuenta con elementos para responder,
,,,,,,98,Información no disponible,
24,INS_MEEL,SECC IV. 73,"Clasificación de las entidades federativas de acuerdo con la atención de delitos bajo los Mecanismos Alternativos de Solución de Controversias en materia de justicia para adolescentes, según la característica de Instrumento para la comisión - Con algún medio electrónico o informático, al momento de la aplicación del censo (mayo - julio 2018).",Numérico,2,0,No aplica,
,,,,,,1,Sí,
,,,,,,2,No,
,,,,,,9,No se sabe,
,,,,,,97,No cuenta con elementos para responder,
,,,,,,98,Información no disponible,
25,INS_OINS,SECC IV. 73,"Clasificación de las entidades federativas de acuerdo con la atención de delitos bajo los Mecanismos Alternativos de Solución de Controversias en materia de justicia para adolescentes, según la característica de Instrumentos para la comisión - Con otro instrumento, al momento de la aplicación del censo (mayo - julio 2018).",Numérico,2,0,No aplica,
,,,,,,1,Sí,
,,,,,,2,No,
,,,,,,9,No se sabe,
,,,,,,97,No cuenta con elementos para responder,
,,,,,,98,Información no disponible,